index,_source.download,_source.upload
AVJ5hIL5pNeT6-VcQu3R,309.83,11.29
AVJ_hqkNtBdBM4YfMA05,202.34,16.79
AVKIHBxV1-IoxlsSY9El,271.79,30.79
AVKJVGKdUh2c4ge8064U,308.93,21.24
AVKCWP7klptv7zzU3mu6,908.67,44.18
AVKE5A0pFyjGwzrchve_,242.89,0
AVJg8wrvaMc9yvLldSLs,544.68,13.68
AVJ6DgQbpNeT6-VcQu3a,72.17,0
AVJ_vZmatBdBM4YfMA07,622.3,16.1
AVJ58vArpNeT6-VcQu3Y,151.12,0
AVKXNkhiAbHG_ZhY14cB,383.42,20.83
AVKXPNWlAbHG_ZhY14cG,446.64,24.49
AVKNQoLNez-cFX1BBTIC,674.63,48.94
AVKNeYVtez-cFX1BBTIE,615.42,50
AVKR--V5EmL7jBW9sIpQ,492.15,31.16
AVKSMgAPEmL7jBW9sIpS,459.94,5.19
AVKXc4GIAbHG_ZhY14cK,536.61,28.93
AVKebP669Nf0hOj-hf21,619.96,33.24
AVKd_var9Nf0hOj-hf2t,518.14,38.6
AVKoZyRsJFuZefE8nwyK,326.3,24.19
AVK8dzXadrcoVnJpWK_-,285.25,15.59
AVK8riiMdrcoVnJpWLAA,331.09,44.13
AVKoMGBoJFuZefE8nwyI,391.62,34.41
AVK8VlUZdrcoVnJpWK_8,321.38,28.41
AVLGBGTpZcWGU93s1WqI,218.1,26.13
AVKouXiOJFuZefE8nwyN,169.74,31.82
AVLFlamrZcWGU93s1WqE,259.02,12.9
AVK9VCIfdrcoVnJpWLAG,67.91,6.53
AVNBX3rzeKkEHGUGmz5-,1072.22,32.62
AVM0M1VyjEI3jKYzImXW,202.72,0
AVNBZS9SeKkEHGUGmz6C,911.77,18.9
AVM9v1pW4rOXxX_VIwEk,413.94,20.43
AVLRmfan6yywsC3U7NdI,211.32,30.31
AVMZRSxPUJ8YOduz7nSb,801.78,13.24
AVMkv8gWKodYmN8i_ssT,919.18,32.44
AVMzqX7oyDF4XZypKInu,710.53,30.38
AVMUw4mv68sla7A6Fa09,153.73,0
AVNnDd7L05pNF-8vrrGi,1284.71,39.56
AVNm8kEO05pNF-8vrrGh,1019.67,38.45
AVNnKYVL05pNF-8vrrGj,567.36,30.91
AVNX0Zt6npR_PNX8I6et,324.77,0
AVNdHayqBgQjg7yoIfBs,646.52,11.61
AVNdLuSIBgQjg7yoIfBy,1050.38,17.88
AVNm1tq905pNF-8vrrGg,976.93,60.65
AVNXfu13npR_PNX8I6eq,402.56,0
AVNmaLzM05pNF-8vrrGb,610.09,18.98
AVOAQ-YlkFJNaIm13xC8,344.17,0
AVOAX_9DkFJNaIm13xC9,402.91,14.92
AVOEc54DyPAVaYFl9Rj9,449.04,14.22
AVNqRltKv-dQ3RmIRhS5,512.7,8.52
AVNvozr3EtqQYxC7FYoo,777.93,22.75
AVNvvpiQEtqQYxC7FYop,569,27.58
AVOADWSskFJNaIm13xC6,285.41,0
AVOAfA_hkFJNaIm13xC-,303.67,0
AVOEjy66yPAVaYFl9Rj_,228.38,29.96
AVOExYDPyPAVaYFl9RkC,315.16,0
AVOfs0ovkRxG9-ZgWdbE,304.71,0
AVOlEQ6Bfb36rNi23jhD,759.46,13.6
AVOomwQ7g_BfZfoZ9q8b,668.84,23.51
AVOtFweCuNTDPmp7XV1a,1036.54,61.01
AVOE4eAayPAVaYFl9RkE,244.43,5.16
AVOFdrGQxMYs5sgl1HbZ,529.11,6.33
AVOfKiBUkRxG9-ZgWda6,535.29,0
AVOfzryrkRxG9-ZgWdbF,589.67,0
AVO0aIg39V3DJQigIHTD,1137.22,55.06
AVO3ZGOyRtTv5l1yiiki,1063.45,26.74
AVO3abQLRtTv5l1yiiko,613.92,42.8
AVO4Dk5MRtTv5l1yiikx,1247.78,52.12
AVO5_Md9vL-Oy8C5h1F1,1036.03,56.42
AVOtpchCuNTDPmp7XV1n,1082.56,0
AVO0TTJP9V3DJQigIHTC,1164.64,51.2
AVO0hDzC9V3DJQigIHTE,970.34,34.47
AVO5jzLrvL-Oy8C5h1Fw,508.43,25.49
AVRnJqJzdIivaTilU-Za,1097.66,56.62
AVPiU-EXD3bwrN-fcB7g,560.01,0
AVRIUJitEQ4v7a9I5v_y,972.19,68.35
AVRmb8jqZ81GgHf14_Sz,483.36,16.09
AVRm74s7dIivaTilU-ZW,860.72,73.71
AVPCyNxLLjzBw7Rwx1ta,247.19,0
AVPDpKSxLjzBw7Rwx1tj,1279.06,0
AVPh5mjfD3bwrN-fcB7Z,455.38,14.59
AVPDwAvJLjzBw7Rwx1tk,848.1,0
AVTEI6KSQz7Uzf_a4P-L,1210.68,58.72
AVTFrC3OhcTt0DQEvMSg,571.45,49.01
AVRs1lzwyguOH7xPwvs6,525.42,47.46
AVS6n8QKfGSGjTlDSC92,145.77,19.31
AVTEtQysQz7Uzf_a4P-X,303.94,33.61
AVRnQf40dIivaTilU-Zc,862.29,45.43
AVRo4SFLGcnKEtmAm6ed,214.17,53.7
AVTJpFMAIIvlMi54dHr4,1083.59,33.98
AVTII7AzFvgPiaEjekoz,609.73,46.13
AVTJ9q9dIIvlMi54dHr-,985.73,43.25
AVTS3v13gdb4FXxv_3YF,150.17,11.12
AVTo-BeK9kdnGm4-yPqC,512.15,49.36
AVTH8ZXJFvgPiaEjekox,246.12,66.79
AVTJ2tNyIIvlMi54dHr8,837.18,0
AVTfa_Zjm2ogp-tAuM4p,529.83,46.31
AVTfovEwm2ogp-tAuM4s,110.11,63.04
AVT3FpxbzlYwYiXREuB2,836.26,65.2
AVT3dDQEzlYwYiXREuB8,1077.9,70.54
AVT72h9iOpxj9MJw072B,437.37,43.42
AVJpNWaX8CSfbCopiUEb,1062.29,44.9
AVJkK2iQSrDTrXg4plDe,247.21,38.98
AVJ6e16GpNeT6-VcQu3h,241.73,0
AVJ96ufhTw8lgwptn0-v,159.8,20.85
AVJ_Zsy6tBdBM4YfMA02,661.12,34.79
AVKCh1Q9lptv7zzU3mu8,438.76,0
AVKIEIw21-IoxlsSY9Eh,480.42,33.9
AVJ_2WFotBdBM4YfMA08,645.62,20.01
AVKEyKmgFyjGwzrchve8,273.9,0
AVKCbGfBlptv7zzU3mu7,325.52,41.98
AVKNNXGqez-cFX1BBTIA,175.07,38.97
AVKSaOONEmL7jBW9sIpV,82.51,21.74
AVKd71Gy9Nf0hOj-hf2p,336.99,12.15
AVKeUW9L9Nf0hOj-hf2z,710.61,29.8
AVKNXcGkez-cFX1BBTID,496.97,22.72
AVKR-oaQEmL7jBW9sIpP,279.13,17.7
AVKSFpxMEmL7jBW9sIpR,134.25,7.95
AVKXV9-mAbHG_ZhY14cI,586.36,37.56
AVKS1s4kEmL7jBW9sIpa,123.22,38.92
AVKoIZA8JFuZefE8nwyH,1001.37,63.04
AVKoS-SZJFuZefE8nwyJ,516.42,26.34
AVKtz7Nkla0j39v5IbkH,686.06,43.41
AVKt-yLZla0j39v5IbkP,889.34,45.73
AVKw114-ngG8B2OEHX-F,918.58,11.65
AVKw4NGmngG8B2OEHX-G,583.07,47.44
AVKxF5psngG8B2OEHX-J,1017.04,49.99
AVKogqUCJFuZefE8nwyL,303.77,39.91
AVKtjTZVMGa0aydAWgJC,298.01,0
AVMU3uua68sla7A6Fa0_,436.35,22.95
AVLFjrRaZcWGU93s1WqC,611.75,32.58
AVLRAn4b6yywsC3U7Nc6,849.2,43.77
AVLREFib6yywsC3U7Nc-,990.45,65.73
AVK8yaLAdrcoVnJpWLAB,150.85,30.11
AVK4EVFqupTj1oWsPcqM,417.65,26.97
AVLBgfIQ8uCvMwS4XxJR,501.69,15.54
AVLBuP1T8uCvMwS4XxJV,101.35,52.56
AVLApw52Il5bLKWpktl6,531.99,4.87
AVMZe_NpUJ8YOduz7nSc,240.87,0
AVMZl3JRUJ8YOduz7nSd,238.91,0
AVMkpHuhKodYmN8i_ssQ,671.13,34.88
AVMvNlfhLZsCNMbDooaW,549.81,13.1
AVMt3otOBs9GBwZ63mvH,307.55,0
AVM0LLMajEI3jKYzImXV,157.95,6.07
AVNW9fdSnpR_PNX8I6el,359.95,9.57
AVM0Tj48jEI3jKYzImXX,424.06,0
AVM92trp4rOXxX_VIwEu,843.72,21.24
AVNqzzH1v-dQ3RmIRhTJ,1103.95,24.77
AVNmu3Fl05pNF-8vrrGe,717.05,44.49
AVNsazUTO9ixzk3ZULuj,634.15,19.69
AVNvl-JQEtqQYxC7FYoi,1223.04,29.68
AVN3QRIGqFR1KAJFoVGK,402.53,35.21
AVNh56Sa4z9A7pxcIgKl,511.94,6.12
AVNw0W3ocQp15pmC-_g6,481.25,5.83
AVNicLoxC0xWdBMu0LBS,834.31,0
AVNijEWcC0xWdBMu0LBV,604.63,6.78
AVN7Dn4KgsdpRfyYG7QO,1124.08,43.05
AVOFrLmy4JHS05ZIBEBx,1173.54,31.96
AVN7VSI2gsdpRfyYG7QZ,228.15,14.25
AVOBO54KmqdBKT6lEpe3,313.1,6.81
AVOE_PBayPAVaYFl9RkG,435.92,6.53
AVOFM2RryPAVaYFl9RkI,880.26,28.18
AVOFhnCuv1g047L0YmAW,494.78,0
AVOFoU3d8L8TTYaU6WLO,1118.06,0
AVOYeuAslc5YzlM8MjfP,1000.11,41.3
AVOZDRfplc5YzlM8Mjfe,364.47,16.91
AVOoEiwAg_BfZfoZ9q8V,247.34,21.09
AVOoSS3Og_BfZfoZ9q8Y,739.79,43.44
AVOof7C1g_BfZfoZ9q8a,979.32,31.08
AVOY1bP-lc5YzlM8Mjfa,273.03,0
AVOfl-txkRxG9-ZgWdbC,695.14,0
AVOoZKe8g_BfZfoZ9q8Z,950.05,28.16
AVOottnHg_BfZfoZ9q8c,641.56,0
AVOpW7JIAT38Dxf03J1_,609.24,5.79
AVOpkwjNAT38Dxf03J2C,335.03,28.5
AVOpyYNAAT38Dxf03J2E,683.15,24.97
AVOq294MxpxD3bqhifq3,861.16,19.41
AVOu8y6dFX5MYoNC24n8,927.06,23.39
AVOyIaTo2ckq8NSMkime,967.44,27.96
AVOqwGEpxpxD3bqhifq1,731.85,16.93
AVOvC20lFX5MYoNC24n9,503,27.54
AVOvQl6EFX5MYoNC24n_,643.26,38.58
AVOyJ5zC2ckq8NSMkimi,721.83,58.85
AVO0n4du9V3DJQigIHTF,947.5,59.96
AVO3oJx3RtTv5l1yiikr,1045.45,55.77
AVO317imRtTv5l1yiiku,1048.97,46.92
AVO5xjaIvL-Oy8C5h1Fy,681.82,33.71
AVO9244TKswuNmerMAV8,416.23,19.59
AVPDAF2NLjzBw7Rwx1td,459.65,21.01
AVO5IOssUrgJ6PzmvRhU,442.94,9.66
AVO-Yv3SKswuNmerMAWA,807.93,6.86
AVO5PFdvUrgJ6PzmvRhV,664.14,0
AVPh6MRZD3bwrN-fcB7a,446.34,13.37
AVRm1FCidIivaTilU-ZT,1002.15,53.77
AVRn5vV6GcnKEtmAm6eK,1133.53,55.61
AVPDN1bHLjzBw7Rwx1tf,248.47,14.19
AVRoHhKHGcnKEtmAm6eP,489.46,50.82
AVPDUdbOLjzBw7Rwx1tg,572.96,21.55
AVPg7ydAgpupgmaWHdxJ,156.27,0
AVPiHMb7D3bwrN-fcB7e,431.48,0
AVRoAn2kGcnKEtmAm6eN,725.99,28.25
AVTKSP9qIIvlMi54dHsC,926.59,28.27
AVSlDt2-ues6la_EvV5C,876.73,18.46
AVS2HUs9YQzcAIYxSs0A,882.83,69.26
AVS2VE3FYQzcAIYxSs0C,672.08,75.31
AVTICDZaFvgPiaEjekoy,901.57,66.76
AVRoORzKGcnKEtmAm6eS,862.98,43.23
AVRocDw9GcnKEtmAm6eW,785.12,53.98
AVS6hpe3fGSGjTlDSC9y,346.19,32.77
AVT3PR6jzlYwYiXREuB6,737.09,52.43
AVT3WJ0TzlYwYiXREuB7,796.94,65.31
AVT3j4XlzlYwYiXREuB-,1000.52,69.61
AVT4hz3bS8MWVvzKrcm5,863.67,49.91
AVT42TWJS8MWVvzKrcm-,293.66,18.24
AVJkD_HXSrDTrXg4plDb,564.94,38.88
AVJhDlNqaMc9yvLldSLt,483.21,16.14
AVJldF3LiY43Jv3eX0hI,494.83,22.46
AVJlkI6PiY43Jv3eX0hJ,156.55,25.59
AVJl4lwWiY43Jv3eX0hM,375.37,56.86
AVJmGS17iY43Jv3eX0hO,454.42,18.02
AVJ6sn33pNeT6-VcQu3l,723.99,25.02
AVJ6zhbWpNeT6-VcQu3n,267.86,12.49
AVJl_lS8iY43Jv3eX0hN,153.81,6.25
AVJ6l8JlpNeT6-VcQu3j,289.65,23.21
AVKJ7sukUh2c4ge8064a,1135.16,64.94
AVKJZkOZUh2c4ge8064V,138.88,14.69
AVKJgMzfUh2c4ge8064W,637.93,18.19
AVKJnNxYUh2c4ge8064X,407.09,16.35
AVKeh_Mf9Nf0hOj-hf22,384.99,34.61
AVKevzdD9Nf0hOj-hf26,295.39,17.19
AVKtVqhgMGa0aydAWgI_,137.47,6.56
AVKtciPuMGa0aydAWgJB,488.1,7.56
AVJ9s68jTw8lgwptn0-s,500.32,0
AVLMPM4MMFeFjzqa1MII,332.31,16.73
AVLBcnxe8uCvMwS4XxJN,893.03,34.88
AVLMjwpGMFeFjzqa1MIL,525.66,49.47
AVLRYtyO6yywsC3U7NdE,243.52,10.09
AVKw_BH8ngG8B2OEHX-I,806.32,15.84
AVK8XGeBdrcoVnJpWK_9,223.9,5.92
AVLFzN2LZcWGU93s1WqG,502.17,19.91
AVLF6Gf9ZcWGU93s1WqH,223.64,20.72
AVLMV86NMFeFjzqa1MIJ,612.17,34.75
AVMt-ipMBs9GBwZ63mvK,349.23,0
AVMzjgMdyDF4XZypKIns,652.96,11.68
AVMlEj3YKodYmN8i_ssa,965.61,60.73
AVM0fZyprYEvN7S55jOB,368.32,0
AVMk219wKodYmN8i_ssW,501.62,13.99
AVLU7UFShtzPbUO3lZSl,680.46,73.13
AVMUTUet68sla7A6Fa03,715.53,58.37
AVMk9wnnKodYmN8i_ssY,713.67,20.5
AVMUcYad68sla7A6Fa06,390.88,24.41
AVNqfPgHv-dQ3RmIRhTD,1113.93,33.03
AVNBgL2NeKkEHGUGmz6E,708.01,28.66
AVNcN-hVPnKhxn8znTTQ,791.02,34.47
AVNsNGYbO9ixzk3ZULuh,817.83,17.78
AVM0oMcUrYEvN7S55jOH,298.32,0
AVM9u9234rOXxX_VIwEj,586.33,26.45
AVNXLLcsnpR_PNX8I6en,838.64,9.83
AVNxPy6NcQp15pmC-_hD,529.67,6.32
AVNXSIBhnpR_PNX8I6eo,881.36,0
AVN2LtGl94rhL_sXlC3E,419.64,0
AVN7HdS4gsdpRfyYG7QV,1112.03,26.07
AVOAA30AkFJNaIm13xC5,412.92,16.26
AVOFgygJv1g047L0YmAV,560.84,12.79
AVNxdlS9cQp15pmC-_hH,140.49,5.88
AVOAsa7AkFJNaIm13xDA,416.85,0
AVOAzYYTkFJNaIm13xDB,360.2,0
AVOBchPCmqdBKT6lEpe5,276.97,0
AVN2gMf994rhL_sXlC3L,636.56,8.75
AVOGD5a9l2ufvfD47IUW,455.96,19.56
AVOZKE88lc5YzlM8Mjfg,693.41,26.28
AVOtHOlWuNTDPmp7XV1f,1106.13,59.94
AVOtOJQRuNTDPmp7XV1h,1107.98,55.76
AVOoLWaag_BfZfoZ9q8X,870.19,61.54
AVOtbzwZuNTDPmp7XV1k,900.23,39.96
AVO0uuCj9V3DJQigIHTG,973.26,31.32
AVO3vBhARtTv5l1yiikt,1160.2,9.52
AVO38t3URtTv5l1yiikw,638.16,0
AVRny_EwGcnKEtmAm6eF,1228.48,34.99
AVO-K-FGKswuNmerMAV-,471.89,10.41
AVPg2JirgpupgmaWHdxA,494.43,20.43
AVRpTCz7GcnKEtmAm6ej,375.9,60.93
AVO54UfGvL-Oy8C5h1Fz,753.7,44.13
AVO-R3lIKswuNmerMAV_,977.67,12.4
AVPiAe_ID3bwrN-fcB7c,819.35,17.29
AVPiOGWwD3bwrN-fcB7f,513.44,0
AVPDiWzyLjzBw7Rwx1ti,630.12,18.58
AVTERyeLQz7Uzf_a4P-S,258.03,47.53
AVTEmZoZQz7Uzf_a4P-W,288,34.21
AVRtseZAyguOH7xPwvtI,1030.41,61.8
AVS2OQHLYQzcAIYxSs0B,885.36,58.2
AVTEfb19Qz7Uzf_a4P-V,1054.48,56.82
AVTFei2_hcTt0DQEvMSZ,331.55,7.44
AVTFkI9dhcTt0DQEvMSe,592.5,62.37
AVTEK4iHQz7Uzf_a4P-R,539.69,52.61
AVRs8csPyguOH7xPwvs9,671.33,68.09
AVTKLbBJIIvlMi54dHsB,431.98,20.15
AVTpE_zj9kdnGm4-yPqD,1022.73,66.76
AVT3IcytzlYwYiXREuB3,700.18,34.14
AVTJTMMgW-j8LECZ-yzC,891.33,32.58
AVTdRl9XZaJUgVMWwSOk,878.61,53.2
AVToxd8r9kdnGm4-yPqA,562.34,37.92
AVT4HDU4S8MWVvzKrcmw,368.62,47.53
AVTSp4t5gdb4FXxv_3YD,516.05,39.22
AVTpL2MN9kdnGm4-yPqE,582.41,55.09
AVT7zrtoOpxj9MJw0718,1181.62,65.15
AVJpUP908CSfbCopiUEc,1020.55,50.06
AVJg6O6laMc9yvLldSLr,268.69,0
AVJ5bt0FpNeT6-VcQu3N,548.89,8.83
AVJg4cEvaMc9yvLldSLq,518.7,9.08
AVJlWUWuiY43Jv3eX0hH,335.65,6.71
AVJlx1e9iY43Jv3eX0hL,119.26,18.12
AVJ6KbaHpNeT6-VcQu3c,47.55,0
AVJ4qMouK8aymfy2vNp_,700.78,23
AVJ6RWQupNeT6-VcQu3e,138.37,13.25
AVJ51q9apNeT6-VcQu3W,747.25,9.63
AVKJt-jjUh2c4ge8064Y,1119.24,58.36
AVJ-b5OtP1yJ8UJt3pCh,673.51,36.24
AVJ-c_k0P1yJ8UJt3pCi,581.86,33.48
AVJ_awuUtBdBM4YfMA04,691.21,36.61
AVJ_oh0UtBdBM4YfMA06,492.54,23.51
AVKEt7Y2FyjGwzrchve3,227.69,11.05
AVKeNd_L9Nf0hOj-hf2x,551.79,40.62
AVJ9q8utTw8lgwptn0-n,590.57,17.96
AVJ9z2iITw8lgwptn0-u,173.44,14.23
AVKonnA4JFuZefE8nwyM,146.43,22.78
AVKt39HHla0j39v5IbkM,648.85,28.14
AVK4LJ_5upTj1oWsPcqN,260.96,39.64
AVK9HCGndrcoVnJpWLAE,453.98,22.63
AVKepBEQ9Nf0hOj-hf24,407.8,41.47
AVKe20X39Nf0hOj-hf28,101.28,4.77
AVKtVlhHMGa0aydAWgI-,392.45,0
AVK4BWDxupTj1oWsPcqK,116.64,14.45
AVK8kmHjdrcoVnJpWK__,530.87,49.04
AVLRfs2Y6yywsC3U7NdG,221.3,15.81
AVLU4HOnhtzPbUO3lZSk,791.32,51.15
AVMUVZTq68sla7A6Fa05,764.38,31.98
AVMUqBJH68sla7A6Fa08,271.2,7.95
AVLRK-SO6yywsC3U7NdA,1048.33,61.98
AVLFsVXVZcWGU93s1WqF,443.44,34.14
AVLRR5uU6yywsC3U7NdC,247.56,37.31
AVLMOyOhMFeFjzqa1MIH,579.3,6.79
AVLMc3fkMFeFjzqa1MIK,464.44,48.39
AVMtypxWBs9GBwZ63mvC,1176.03,48.15
AVNcUyA9PnKhxn8znTTS,501.16,40.27
AVM0hZ8ZrYEvN7S55jOF,269.31,32.75
AVNWwDAWnpR_PNX8I6ej,784.56,18.24
AVNXmoVQnpR_PNX8I6er,518.49,18.71
AVNXtbLJnpR_PNX8I6es,664.54,24.58
AVNcHCIAPnKhxn8znTTN,934.76,8.61
AVMzc7BryDF4XZypKInn,484.45,0
AVMvQ9ViLZsCNMbDooaa,543.37,5.07
AVNmoBhw05pNF-8vrrGd,184.29,32.55
AVNqtAw5v-dQ3RmIRhTH,1166.47,42.7
AVNmhDHm05pNF-8vrrGc,948.83,36.53
AVNqQ9dIv-dQ3RmIRhS4,456.77,36.43
AVNqmE_lv-dQ3RmIRhTF,555.99,23.01
AVNv2qTZEtqQYxC7FYoq,878.1,11.24
AVNv9cuYEtqQYxC7FYos,606.63,25.4
AVNsJ3BLO9ixzk3ZULug,647.55,14.19
AVNw7Qu8cQp15pmC-_g9,479.95,0
AVN2Eyyx94rhL_sXlC26,557.38,13.55
AVN2FGVS94rhL_sXlC27,548.9,10.05
AVN2nEYy94rhL_sXlC3N,1189.01,18.82
AVN3JcwHqFR1KAJFoVGJ,982.85,23.05
AVN7OaSXgsdpRfyYG7QX,427.87,16.02
AVNxCNVUcQp15pmC-_g_,85.47,9.26
AVN2Sfxf94rhL_sXlC3H,354.44,0
AVN2ZWhA94rhL_sXlC3J,278.27,0
AVN7pxD8gsdpRfyYG7Qe,417.91,0
AVOD6fyHrzcceHKPQOcb,1024.74,53.47
AVOAlrEmkFJNaIm13xC_,203.43,16.57
AVOA6OT0kFJNaIm13xDC,180.77,0
AVOBBKhukFJNaIm13xDD,217.75,6.86
AVOBJPWxmqdBKT6lEpe2,230.84,0
AVOFho5Rv1g047L0YmAX,748.94,11.8
AVOBVth0mqdBKT6lEpe4,244.06,0
AVOEqoGNyPAVaYFl9RkB,595.29,7.79
AVOFeNJGGYKyKeuOMuOD,622.53,6.47
AVOFmrJtbOyktgH9v6FF,806.12,16.43
AVOFnRkZ8L8TTYaU6WLN,762.15,22.13
AVOYnv_Dlc5YzlM8MjfW,868.95,19.56
AVOYumHJlc5YzlM8MjfY,796.93,25.45
AVOY8Yk2lc5YzlM8Mjfc,277.71,7.05
AVOFvOvol2ufvfD47IUN,518.85,6.4
AVOfD2aFkRxG9-ZgWda4,524.25,25.98
AVOfRaXlkRxG9-ZgWda7,525.7,0
AVOe9cOMkRxG9-ZgWdaz,578.72,5.09
AVOqib1CxpxD3bqhifqy,1103.27,13.15
AVOqpPm1xpxD3bqhifq0,847.97,17.89
AVOtU7WouNTDPmp7XV1i,1046.95,33.24
AVOfYS9qkRxG9-ZgWda9,285.95,0
AVOffRkpkRxG9-ZgWda_,484.71,5.85
AVOpreRAAT38Dxf03J2D,585.06,0
AVOtioB-uNTDPmp7XV1l,990.96,20.41
AVOvJs0pFX5MYoNC24n-,636.81,32.43
AVOk2fgofb36rNi23jhB,962.16,6.11
AVO8j-bAlfWUdzQAfX11,1156.56,44.67
AVO8q0c4lfWUdzQAfX13,1132.73,45.61
AVO0MXFk9V3DJQigIHTA,757.01,44.24
AVO0MjH99V3DJQigIHTB,906.17,26.1
AVO01kIR9V3DJQigIHTH,353.63,25.43
AVO3hRWuRtTv5l1yiikp,810.76,46.15
AVO46lHgUrgJ6PzmvRhS,956.72,54.83
AVO5V66nUrgJ6PzmvRhW,681.1,35.8
AVO8fdjYlfWUdzQAfX1x,424.18,46.07
AVRnCzdHdIivaTilU-ZY,1146.83,74.68
AVRoVMpvGcnKEtmAm6eU,1101.16,62.62
AVO99O2iKswuNmerMAV9,835.89,33.75
AVO-fjY-KswuNmerMAWB,1170.9,9.17
AVPD26bGLjzBw7Rwx1tl,578.35,0
AVRoi2tAGcnKEtmAm6eY,964.41,77.12
AVPDGzF4LjzBw7Rwx1te,440.67,7.95
AVRowuIZGcnKEtmAm6eb,84.34,61.66
AVPCyRBGLjzBw7Rwx1tb,342,0
AVS6upLzfGSGjTlDSC95,242.58,18.56
AVTIP6tMFvgPiaEjeko0,126.63,34.45
AVS19KolYQzcAIYxSsz7,900.45,51.05
AVTAVkdR2_xsrz7W5v89,40.25,13.85
AVRs0XJqyguOH7xPwvs0,972.21,40.12
AVRtRJZJyguOH7xPwvtD,228.83,26.93
AVTIWtmCFvgPiaEjeko1,591.05,34.18
AVRtl7YUyguOH7xPwvtG,127.99,0
AVSlCUk_ues6la_EvV45,0,0
AVTJUcEIW-j8LECZ-yzF,1028.86,53.65
AVTJgZZaIIvlMi54dHrx,668.93,38.22
AVTKEkddIIvlMi54dHsA,317.17,14
AVTKZPacIIvlMi54dHsD,260.3,30.3
AVTSwtDlgdb4FXxv_3YE,373.66,33.72
AVTS-ekkgdb4FXxv_3YG,505.15,44.03
AVTpSt4B9kdnGm4-yPqF,313.08,49.79
AVT4olM2S8MWVvzKrcm6,761.49,52.94
AVJpMpdl8CSfbCopiUEa,416.2,58.6
AVJlRF2niY43Jv3eX0hG,429.17,34.78
AVJlq361iY43Jv3eX0hK,278.1,14.4
AVJ5oC1jpNeT6-VcQu3U,282.59,26.04
AVJ5u4lapNeT6-VcQu3V,345.36,47.23
AVJ_9KG8tBdBM4YfMA09,426.55,9.7
AVKEPxIRVG4qhkG5xi7o,597.46,14.5
AVKJ0x45Uh2c4ge8064Z,833.21,67.87
AVJkBY23SrDTrXg4plDX,764.3,70.36
AVKIN07v1-IoxlsSY9En,733.53,42.09
AVKSTNghEmL7jBW9sIpU,360.74,0
AVKSn7unEmL7jBW9sIpY,211.78,44.95
AVKSutkTEmL7jBW9sIpZ,433.32,39.1
AVKeGqjy9Nf0hOj-hf2v,398.72,10.59
AVKmr-frTb4iD99MradM,241.76,29.49
AVKShFBSEmL7jBW9sIpX,550.07,28.45
AVKcjHTND9-J9OThu1ys,358.94,5.56
AVKcmbSZD9-J9OThu1yx,185.58,10.03
AVKmnQaeTb4iD99MradK,335.23,0
AVKmyzX-Tb4iD99MradN,336.52,35.16
AVKuFu8Zla0j39v5IbkR,437.36,22.34
AVKxM3YJngG8B2OEHX-L,221.37,43.27
AVK85S_HdrcoVnJpWLAC,168,33.36
AVLBna0T8uCvMwS4XxJU,81.45,27.25
AVLMmSXBfBxvzlSSDGj6,841.42,46.38
AVMKw-Qwk903wBIXdPoO,575.75,6.75
AVK9N5ZldrcoVnJpWLAF,139.63,6.77
AVK9AEPKdrcoVnJpWLAD,80.36,0
AVNXEUXWnpR_PNX8I6em,1099.91,30.03
AVNW2j_unpR_PNX8I6ek,825.9,22.08
AVMzmmJVyDF4XZypKInt,420.23,0
AVMzxNkJyDF4XZypKInv,591.76,0
AVMkjWvOKodYmN8i_ssM,1067.95,50.7
AVMUjJnm68sla7A6Fa07,603.38,15.1
AVMZKcT4UJ8YOduz7nSa,1094.17,19.31
AVMj0FCZA2zIgVADLV-V,1031.69,17.7
AVMuFWmFBs9GBwZ63mvM,731.66,21.19
AVNiA0kO4z9A7pxcIgKm,376.06,13.91
AVNcDXdGPnKhxn8znTTE,755.79,40.92
AVNhsJv44z9A7pxcIgKj,1294.2,6.73
AVNmQ_xQ05pNF-8vrrGV,358.29,12.52
AVNqYUSgv-dQ3RmIRhS-,471.9,15.7
AVNXY34cnpR_PNX8I6ep,336.67,0
AVNhlQ_P4z9A7pxcIgKi,185.43,13.26
AVNmTgcu05pNF-8vrrGZ,225.57,25.3
AVNiXiS0C0xWdBMu0LBM,843.56,16.01
AVNsT5WdO9ixzk3ZULui,1016.74,54.19
AVNq6nr_v-dQ3RmIRhTL,869.41,14.14
AVNwudbqcQp15pmC-_gy,489.76,22.33
AVNxI3b5cQp15pmC-_hB,259.22,0
AVNxWutucQp15pmC-_hF,544.67,31.99
AVN7cBe2gsdpRfyYG7Qa,224.59,14.44
AVN7i_c5gsdpRfyYG7Qc,360.62,5.01
AVOAKV1okFJNaIm13xC7,324.87,18.53
AVN3DI0sqFR1KAJFoVGI,636.98,22.42
AVOFiFluTy6iF4N1DyPU,1110.08,21.91
AVOYg1rNlc5YzlM8MjfU,966.61,62.93
AVOf6j4QkRxG9-ZgWdbG,809.58,15.34
AVOk9Ytqfb36rNi23jhC,902.64,35.47
AVOlLGoSfb36rNi23jhE,767.9,22.81
AVOFp9Rx8L8TTYaU6WLP,520.56,13.09
AVOFu5i-l2ufvfD47IUM,698.21,18.59
AVOFGFtPyPAVaYFl9RkH,285.55,0
AVOF2BYFl2ufvfD47IUS,722.57,0
AVO41ZEZUrgJ6PzmvRhR,1101.9,24.76
AVOoEi32g_BfZfoZ9q8W,452.56,10.79
AVO5fxafvL-Oy8C5h1Fs,863.58,35.34
AVOpd0pTAT38Dxf03J2B,516.9,31.43
AVOqcDmuxpxD3bqhifqu,631.29,0
AVO5BUqeUrgJ6PzmvRhT,532.14,16.22
AVO5qnYYvL-Oy8C5h1Fx,587.38,35.49
AVPC5LbtLjzBw7Rwx1tc,402.8,0
AVOpW9v7AT38Dxf03J2A,607.26,28.77
AVTEYltmQz7Uzf_a4P-T,1199.17,72.42
AVRmudjrdIivaTilU-ZK,1166.81,65.22
AVRtKHwryguOH7xPwvtB,1003.63,51.57
AVS2AfIwYQzcAIYxSsz_,684.53,71.02
AVRop1WpGcnKEtmAm6ea,446.3,56.86
AVRpMKIpGcnKEtmAm6ei,455.35,58.65
AVPDbegILjzBw7Rwx1th,537.21,20.31
AVRmge37Z81GgHf14_S4,453.57,40.62
AVRpFPrVGcnKEtmAm6eh,594.34,68.6
AVTJgLK4IIvlMi54dHrw,1076.91,25.34
AVTJiN-7IIvlMi54dHr2,487.53,36.34
AVTfh1tUm2ogp-tAuM4r,333.11,66.78
AVTJv8SJIIvlMi54dHr6,746.21,29.63
AVTo3Uol9kdnGm4-yPqB,422.91,27.38
AVT4T61TS8MWVvzKrcm1,712.32,68.19
AVT4az5mS8MWVvzKrcm3,754.24,58.88
AVTSoWsIgdb4FXxv_3X_,616.26,43.69
AVT4vbisS8MWVvzKrcm8,429.22,44.54
AVT49Q3AS8MWVvzKrcm_,638.19,57.78
AVT79dvuOpxj9MJw072D,1072.56,52.59
